BarcodePlate,BarcodeWell,i5_index,i5_sequence,i7_index,i7_sequence,dualIndex_i7_i5
Plate1,A01,i5.1,AGAACTTA,i7.2,CAAGATGG,CAAGATGG:AGAACTTA
Plate1,A02,i5.1,AGAACTTA,i7.4,TGGCCTAA,TGGCCTAA:AGAACTTA
Plate1,A03,i5.1,AGAACTTA,i7.6,CCGCGCCA,CCGCGCCA:AGAACTTA
Plate1,A04,i5.1,AGAACTTA,i7.8,TGGTATTG,TGGTATTG:AGAACTTA
Plate1,A05,i5.1,AGAACTTA,i7.10,CGGCTGCG,CGGCTGCG:AGAACTTA
Plate1,A06,i5.1,AGAACTTA,i7.12,TAAGGCGC,TAAGGCGC:AGAACTTA
Plate1,A07,i5.1,AGAACTTA,i7.14,CGCGCATC,CGCGCATC:AGAACTTA
Plate1,A08,i5.1,AGAACTTA,i7.16,TTACTTAT,TTACTTAT:AGAACTTA
Plate1,A09,i5.1,AGAACTTA,i7.18,CATACTTG,CATACTTG:AGAACTTA
Plate1,A10,i5.1,AGAACTTA,i7.20,TGGCGCGT,TGGCGCGT:AGAACTTA
Plate1,A11,i5.1,AGAACTTA,i7.22,CCTTCTAT,CCTTCTAT:AGAACTTA
Plate1,A12,i5.1,AGAACTTA,i7.24,TTAATCTC,TTAATCTC:AGAACTTA
Plate1,B01,i5.3,GCTGGAAG,i7.2,CAAGATGG,CAAGATGG:GCTGGAAG
Plate1,B02,i5.3,GCTGGAAG,i7.4,TGGCCTAA,TGGCCTAA:GCTGGAAG
Plate1,B03,i5.3,GCTGGAAG,i7.6,CCGCGCCA,CCGCGCCA:GCTGGAAG
Plate1,B04,i5.3,GCTGGAAG,i7.8,TGGTATTG,TGGTATTG:GCTGGAAG
Plate1,B05,i5.3,GCTGGAAG,i7.10,CGGCTGCG,CGGCTGCG:GCTGGAAG
Plate1,B06,i5.3,GCTGGAAG,i7.12,TAAGGCGC,TAAGGCGC:GCTGGAAG
Plate1,B07,i5.3,GCTGGAAG,i7.14,CGCGCATC,CGCGCATC:GCTGGAAG
Plate1,B08,i5.3,GCTGGAAG,i7.16,TTACTTAT,TTACTTAT:GCTGGAAG
Plate1,B09,i5.3,GCTGGAAG,i7.18,CATACTTG,CATACTTG:GCTGGAAG
Plate1,B10,i5.3,GCTGGAAG,i7.20,TGGCGCGT,TGGCGCGT:GCTGGAAG
Plate1,B11,i5.3,GCTGGAAG,i7.22,CCTTCTAT,CCTTCTAT:GCTGGAAG
Plate1,B12,i5.3,GCTGGAAG,i7.24,TTAATCTC,TTAATCTC:GCTGGAAG
Plate1,C01,i5.5,ACCAGCGC,i7.2,CAAGATGG,CAAGATGG:ACCAGCGC
Plate1,C02,i5.5,ACCAGCGC,i7.4,TGGCCTAA,TGGCCTAA:ACCAGCGC
Plate1,C03,i5.5,ACCAGCGC,i7.6,CCGCGCCA,CCGCGCCA:ACCAGCGC
Plate1,C04,i5.5,ACCAGCGC,i7.8,TGGTATTG,TGGTATTG:ACCAGCGC
Plate1,C05,i5.5,ACCAGCGC,i7.10,CGGCTGCG,CGGCTGCG:ACCAGCGC
Plate1,C06,i5.5,ACCAGCGC,i7.12,TAAGGCGC,TAAGGCGC:ACCAGCGC
Plate1,C07,i5.5,ACCAGCGC,i7.14,CGCGCATC,CGCGCATC:ACCAGCGC
Plate1,C08,i5.5,ACCAGCGC,i7.16,TTACTTAT,TTACTTAT:ACCAGCGC
Plate1,C09,i5.5,ACCAGCGC,i7.18,CATACTTG,CATACTTG:ACCAGCGC
Plate1,C10,i5.5,ACCAGCGC,i7.20,TGGCGCGT,TGGCGCGT:ACCAGCGC
Plate1,C11,i5.5,ACCAGCGC,i7.22,CCTTCTAT,CCTTCTAT:ACCAGCGC
Plate1,C12,i5.5,ACCAGCGC,i7.24,TTAATCTC,TTAATCTC:ACCAGCGC
Plate1,D01,i5.7,GTTGCGCT,i7.2,CAAGATGG,CAAGATGG:GTTGCGCT
Plate1,D02,i5.7,GTTGCGCT,i7.4,TGGCCTAA,TGGCCTAA:GTTGCGCT
Plate1,D03,i5.7,GTTGCGCT,i7.6,CCGCGCCA,CCGCGCCA:GTTGCGCT
Plate1,D04,i5.7,GTTGCGCT,i7.8,TGGTATTG,TGGTATTG:GTTGCGCT
Plate1,D05,i5.7,GTTGCGCT,i7.10,CGGCTGCG,CGGCTGCG:GTTGCGCT
Plate1,D06,i5.7,GTTGCGCT,i7.12,TAAGGCGC,TAAGGCGC:GTTGCGCT
Plate1,D07,i5.7,GTTGCGCT,i7.14,CGCGCATC,CGCGCATC:GTTGCGCT
Plate1,D08,i5.7,GTTGCGCT,i7.16,TTACTTAT,TTACTTAT:GTTGCGCT
Plate1,D09,i5.7,GTTGCGCT,i7.18,CATACTTG,CATACTTG:GTTGCGCT
Plate1,D10,i5.7,GTTGCGCT,i7.20,TGGCGCGT,TGGCGCGT:GTTGCGCT
Plate1,D11,i5.7,GTTGCGCT,i7.22,CCTTCTAT,CCTTCTAT:GTTGCGCT
Plate1,D12,i5.7,GTTGCGCT,i7.24,TTAATCTC,TTAATCTC:GTTGCGCT
Plate1,E01,i5.9,AGCTTAAC,i7.2,CAAGATGG,CAAGATGG:AGCTTAAC
Plate1,E02,i5.9,AGCTTAAC,i7.4,TGGCCTAA,TGGCCTAA:AGCTTAAC
Plate1,E03,i5.9,AGCTTAAC,i7.6,CCGCGCCA,CCGCGCCA:AGCTTAAC
Plate1,E04,i5.9,AGCTTAAC,i7.8,TGGTATTG,TGGTATTG:AGCTTAAC
Plate1,E05,i5.9,AGCTTAAC,i7.10,CGGCTGCG,CGGCTGCG:AGCTTAAC
Plate1,E06,i5.9,AGCTTAAC,i7.12,TAAGGCGC,TAAGGCGC:AGCTTAAC
Plate1,E07,i5.9,AGCTTAAC,i7.14,CGCGCATC,CGCGCATC:AGCTTAAC
Plate1,E08,i5.9,AGCTTAAC,i7.16,TTACTTAT,TTACTTAT:AGCTTAAC
Plate1,E09,i5.9,AGCTTAAC,i7.18,CATACTTG,CATACTTG:AGCTTAAC
Plate1,E10,i5.9,AGCTTAAC,i7.20,TGGCGCGT,TGGCGCGT:AGCTTAAC
Plate1,E11,i5.9,AGCTTAAC,i7.22,CCTTCTAT,CCTTCTAT:AGCTTAAC
Plate1,E12,i5.9,AGCTTAAC,i7.24,TTAATCTC,TTAATCTC:AGCTTAAC
Plate1,F01,i5.11,GCTCCTGG,i7.2,CAAGATGG,CAAGATGG:GCTCCTGG
Plate1,F02,i5.11,GCTCCTGG,i7.4,TGGCCTAA,TGGCCTAA:GCTCCTGG
Plate1,F03,i5.11,GCTCCTGG,i7.6,CCGCGCCA,CCGCGCCA:GCTCCTGG
Plate1,F04,i5.11,GCTCCTGG,i7.8,TGGTATTG,TGGTATTG:GCTCCTGG
Plate1,F05,i5.11,GCTCCTGG,i7.10,CGGCTGCG,CGGCTGCG:GCTCCTGG
Plate1,F06,i5.11,GCTCCTGG,i7.12,TAAGGCGC,TAAGGCGC:GCTCCTGG
Plate1,F07,i5.11,GCTCCTGG,i7.14,CGCGCATC,CGCGCATC:GCTCCTGG
Plate1,F08,i5.11,GCTCCTGG,i7.16,TTACTTAT,TTACTTAT:GCTCCTGG
Plate1,F09,i5.11,GCTCCTGG,i7.18,CATACTTG,CATACTTG:GCTCCTGG
Plate1,F10,i5.11,GCTCCTGG,i7.20,TGGCGCGT,TGGCGCGT:GCTCCTGG
Plate1,F11,i5.11,GCTCCTGG,i7.22,CCTTCTAT,CCTTCTAT:GCTCCTGG
Plate1,F12,i5.11,GCTCCTGG,i7.24,TTAATCTC,TTAATCTC:GCTCCTGG
Plate1,G01,i5.13,AAGGCAAG,i7.2,CAAGATGG,CAAGATGG:AAGGCAAG
Plate1,G02,i5.13,AAGGCAAG,i7.4,TGGCCTAA,TGGCCTAA:AAGGCAAG
Plate1,G03,i5.13,AAGGCAAG,i7.6,CCGCGCCA,CCGCGCCA:AAGGCAAG
Plate1,G04,i5.13,AAGGCAAG,i7.8,TGGTATTG,TGGTATTG:AAGGCAAG
Plate1,G05,i5.13,AAGGCAAG,i7.10,CGGCTGCG,CGGCTGCG:AAGGCAAG
Plate1,G06,i5.13,AAGGCAAG,i7.12,TAAGGCGC,TAAGGCGC:AAGGCAAG
Plate1,G07,i5.13,AAGGCAAG,i7.14,CGCGCATC,CGCGCATC:AAGGCAAG
Plate1,G08,i5.13,AAGGCAAG,i7.16,TTACTTAT,TTACTTAT:AAGGCAAG
Plate1,G09,i5.13,AAGGCAAG,i7.18,CATACTTG,CATACTTG:AAGGCAAG
Plate1,G10,i5.13,AAGGCAAG,i7.20,TGGCGCGT,TGGCGCGT:AAGGCAAG
Plate1,G11,i5.13,AAGGCAAG,i7.22,CCTTCTAT,CCTTCTAT:AAGGCAAG
Plate1,G12,i5.13,AAGGCAAG,i7.24,TTAATCTC,TTAATCTC:AAGGCAAG
Plate1,H01,i5.15,GGCAGTTC,i7.2,CAAGATGG,CAAGATGG:GGCAGTTC
Plate1,H02,i5.15,GGCAGTTC,i7.4,TGGCCTAA,TGGCCTAA:GGCAGTTC
Plate1,H03,i5.15,GGCAGTTC,i7.6,CCGCGCCA,CCGCGCCA:GGCAGTTC
Plate1,H04,i5.15,GGCAGTTC,i7.8,TGGTATTG,TGGTATTG:GGCAGTTC
Plate1,H05,i5.15,GGCAGTTC,i7.10,CGGCTGCG,CGGCTGCG:GGCAGTTC
Plate1,H06,i5.15,GGCAGTTC,i7.12,TAAGGCGC,TAAGGCGC:GGCAGTTC
Plate1,H07,i5.15,GGCAGTTC,i7.14,CGCGCATC,CGCGCATC:GGCAGTTC
Plate1,H08,i5.15,GGCAGTTC,i7.16,TTACTTAT,TTACTTAT:GGCAGTTC
Plate1,H09,i5.15,GGCAGTTC,i7.18,CATACTTG,CATACTTG:GGCAGTTC
Plate1,H10,i5.15,GGCAGTTC,i7.20,TGGCGCGT,TGGCGCGT:GGCAGTTC
Plate1,H11,i5.15,GGCAGTTC,i7.22,CCTTCTAT,CCTTCTAT:GGCAGTTC
Plate1,H12,i5.15,GGCAGTTC,i7.24,TTAATCTC,TTAATCTC:GGCAGTTC
Plate2,A01,i5.2*,CATTGAAC,i7.1*,AACTGCTT,AACTGCTT:CATTGAAC
Plate2,A02,i5.2*,CATTGAAC,i7.3*,GGTCTACC,GGTCTACC:CATTGAAC
Plate2,A03,i5.2*,CATTGAAC,i7.5*,AACTCTCC,AACTCTCC:CATTGAAC
Plate2,A04,i5.2*,CATTGAAC,i7.7*,GTAATAGT,GTAATAGT:CATTGAAC
Plate2,A05,i5.2*,CATTGAAC,i7.9*,ATATATTC,ATATATTC:CATTGAAC
Plate2,A06,i5.2*,CATTGAAC,i7.11*,GATACCAT,GATACCAT:CATTGAAC
Plate2,A07,i5.2*,CATTGAAC,i7.13*,AATGCCTC,AATGCCTC:CATTGAAC
Plate2,A08,i5.2*,CATTGAAC,i7.15*,GCGAGGCG,GCGAGGCG:CATTGAAC
Plate2,A09,i5.2*,CATTGAAC,i7.17*,ATCGGACC,ATCGGACC:CATTGAAC
Plate2,A10,i5.2*,CATTGAAC,i7.19*,GCCTATAC,GCCTATAC:CATTGAAC
Plate2,A11,i5.2*,CATTGAAC,i7.21*,AGGAAGCA,AGGAAGCA:CATTGAAC
Plate2,A12,i5.2*,CATTGAAC,i7.23*,GAAGGATT,GAAGGATT:CATTGAAC
Plate2,B01,i5.4*,TTCAAGGT,i7.1*,AACTGCTT,AACTGCTT:TTCAAGGT
Plate2,B02,i5.4*,TTCAAGGT,i7.3*,GGTCTACC,GGTCTACC:TTCAAGGT
Plate2,B03,i5.4*,TTCAAGGT,i7.5*,AACTCTCC,AACTCTCC:TTCAAGGT
Plate2,B04,i5.4*,TTCAAGGT,i7.7*,GTAATAGT,GTAATAGT:TTCAAGGT
Plate2,B05,i5.4*,TTCAAGGT,i7.9*,ATATATTC,ATATATTC:TTCAAGGT
Plate2,B06,i5.4*,TTCAAGGT,i7.11*,GATACCAT,GATACCAT:TTCAAGGT
Plate2,B07,i5.4*,TTCAAGGT,i7.13*,AATGCCTC,AATGCCTC:TTCAAGGT
Plate2,B08,i5.4*,TTCAAGGT,i7.15*,GCGAGGCG,GCGAGGCG:TTCAAGGT
Plate2,B09,i5.4*,TTCAAGGT,i7.17*,ATCGGACC,ATCGGACC:TTCAAGGT
Plate2,B10,i5.4*,TTCAAGGT,i7.19*,GCCTATAC,GCCTATAC:TTCAAGGT
Plate2,B11,i5.4*,TTCAAGGT,i7.21*,AGGAAGCA,AGGAAGCA:TTCAAGGT
Plate2,B12,i5.4*,TTCAAGGT,i7.23*,GAAGGATT,GAAGGATT:TTCAAGGT
Plate2,C01,i5.6*,CAACTATG,i7.1*,AACTGCTT,AACTGCTT:CAACTATG
Plate2,C02,i5.6*,CAACTATG,i7.3*,GGTCTACC,GGTCTACC:CAACTATG
Plate2,C03,i5.6*,CAACTATG,i7.5*,AACTCTCC,AACTCTCC:CAACTATG
Plate2,C04,i5.6*,CAACTATG,i7.7*,GTAATAGT,GTAATAGT:CAACTATG
Plate2,C05,i5.6*,CAACTATG,i7.9*,ATATATTC,ATATATTC:CAACTATG
Plate2,C06,i5.6*,CAACTATG,i7.11*,GATACCAT,GATACCAT:CAACTATG
Plate2,C07,i5.6*,CAACTATG,i7.13*,AATGCCTC,AATGCCTC:CAACTATG
Plate2,C08,i5.6*,CAACTATG,i7.15*,GCGAGGCG,GCGAGGCG:CAACTATG
Plate2,C09,i5.6*,CAACTATG,i7.17*,ATCGGACC,ATCGGACC:CAACTATG
Plate2,C10,i5.6*,CAACTATG,i7.19*,GCCTATAC,GCCTATAC:CAACTATG
Plate2,C11,i5.6*,CAACTATG,i7.21*,AGGAAGCA,AGGAAGCA:CAACTATG
Plate2,C12,i5.6*,CAACTATG,i7.23*,GAAGGATT,GAAGGATT:CAACTATG
Plate2,D01,i5.8*,TTGGATAC,i7.1*,AACTGCTT,AACTGCTT:TTGGATAC
Plate2,D02,i5.8*,TTGGATAC,i7.3*,GGTCTACC,GGTCTACC:TTGGATAC
Plate2,D03,i5.8*,TTGGATAC,i7.5*,AACTCTCC,AACTCTCC:TTGGATAC
Plate2,D04,i5.8*,TTGGATAC,i7.7*,GTAATAGT,GTAATAGT:TTGGATAC
Plate2,D05,i5.8*,TTGGATAC,i7.9*,ATATATTC,ATATATTC:TTGGATAC
Plate2,D06,i5.8*,TTGGATAC,i7.11*,GATACCAT,GATACCAT:TTGGATAC
Plate2,D07,i5.8*,TTGGATAC,i7.13*,AATGCCTC,AATGCCTC:TTGGATAC
Plate2,D08,i5.8*,TTGGATAC,i7.15*,GCGAGGCG,GCGAGGCG:TTGGATAC
Plate2,D09,i5.8*,TTGGATAC,i7.17*,ATCGGACC,ATCGGACC:TTGGATAC
Plate2,D10,i5.8*,TTGGATAC,i7.19*,GCCTATAC,GCCTATAC:TTGGATAC
Plate2,D11,i5.8*,TTGGATAC,i7.21*,AGGAAGCA,AGGAAGCA:TTGGATAC
Plate2,D12,i5.8*,TTGGATAC,i7.23*,GAAGGATT,GAAGGATT:TTGGATAC
Plate2,E01,i5.10*,CAGGCGTT,i7.1*,AACTGCTT,AACTGCTT:CAGGCGTT
Plate2,E02,i5.10*,CAGGCGTT,i7.3*,GGTCTACC,GGTCTACC:CAGGCGTT
Plate2,E03,i5.10*,CAGGCGTT,i7.5*,AACTCTCC,AACTCTCC:CAGGCGTT
Plate2,E04,i5.10*,CAGGCGTT,i7.7*,GTAATAGT,GTAATAGT:CAGGCGTT
Plate2,E05,i5.10*,CAGGCGTT,i7.9*,ATATATTC,ATATATTC:CAGGCGTT
Plate2,E06,i5.10*,CAGGCGTT,i7.11*,GATACCAT,GATACCAT:CAGGCGTT
Plate2,E07,i5.10*,CAGGCGTT,i7.13*,AATGCCTC,AATGCCTC:CAGGCGTT
Plate2,E08,i5.10*,CAGGCGTT,i7.15*,GCGAGGCG,GCGAGGCG:CAGGCGTT
Plate2,E09,i5.10*,CAGGCGTT,i7.17*,ATCGGACC,ATCGGACC:CAGGCGTT
Plate2,E10,i5.10*,CAGGCGTT,i7.19*,GCCTATAC,GCCTATAC:CAGGCGTT
Plate2,E11,i5.10*,CAGGCGTT,i7.21*,AGGAAGCA,AGGAAGCA:CAGGCGTT
Plate2,E12,i5.10*,CAGGCGTT,i7.23*,GAAGGATT,GAAGGATT:CAGGCGTT
Plate2,F01,i5.12*,TGCCTCCA,i7.1*,AACTGCTT,AACTGCTT:TGCCTCCA
Plate2,F02,i5.12*,TGCCTCCA,i7.3*,GGTCTACC,GGTCTACC:TGCCTCCA
Plate2,F03,i5.12*,TGCCTCCA,i7.5*,AACTCTCC,AACTCTCC:TGCCTCCA
Plate2,F04,i5.12*,TGCCTCCA,i7.7*,GTAATAGT,GTAATAGT:TGCCTCCA
Plate2,F05,i5.12*,TGCCTCCA,i7.9*,ATATATTC,ATATATTC:TGCCTCCA
Plate2,F06,i5.12*,TGCCTCCA,i7.11*,GATACCAT,GATACCAT:TGCCTCCA
Plate2,F07,i5.12*,TGCCTCCA,i7.13*,AATGCCTC,AATGCCTC:TGCCTCCA
Plate2,F08,i5.12*,TGCCTCCA,i7.15*,GCGAGGCG,GCGAGGCG:TGCCTCCA
Plate2,F09,i5.12*,TGCCTCCA,i7.17*,ATCGGACC,ATCGGACC:TGCCTCCA
Plate2,F10,i5.12*,TGCCTCCA,i7.19*,GCCTATAC,GCCTATAC:TGCCTCCA
Plate2,F11,i5.12*,TGCCTCCA,i7.21*,AGGAAGCA,AGGAAGCA:TGCCTCCA
Plate2,F12,i5.12*,TGCCTCCA,i7.23*,GAAGGATT,GAAGGATT:TGCCTCCA
Plate2,G01,i5.14*,CGATAAGC,i7.1*,AACTGCTT,AACTGCTT:CGATAAGC
Plate2,G02,i5.14*,CGATAAGC,i7.3*,GGTCTACC,GGTCTACC:CGATAAGC
Plate2,G03,i5.14*,CGATAAGC,i7.5*,AACTCTCC,AACTCTCC:CGATAAGC
Plate2,G04,i5.14*,CGATAAGC,i7.7*,GTAATAGT,GTAATAGT:CGATAAGC
Plate2,G05,i5.14*,CGATAAGC,i7.9*,ATATATTC,ATATATTC:CGATAAGC
Plate2,G06,i5.14*,CGATAAGC,i7.11*,GATACCAT,GATACCAT:CGATAAGC
Plate2,G07,i5.14*,CGATAAGC,i7.13*,AATGCCTC,AATGCCTC:CGATAAGC
Plate2,G08,i5.14*,CGATAAGC,i7.15*,GCGAGGCG,GCGAGGCG:CGATAAGC
Plate2,G09,i5.14*,CGATAAGC,i7.17*,ATCGGACC,ATCGGACC:CGATAAGC
Plate2,G10,i5.14*,CGATAAGC,i7.19*,GCCTATAC,GCCTATAC:CGATAAGC
Plate2,G11,i5.14*,CGATAAGC,i7.21*,AGGAAGCA,AGGAAGCA:CGATAAGC
Plate2,G12,i5.14*,CGATAAGC,i7.23*,GAAGGATT,GAAGGATT:CGATAAGC
Plate2,H01,i5.16*,TCTCTGCT,i7.1*,AACTGCTT,AACTGCTT:TCTCTGCT
Plate2,H02,i5.16*,TCTCTGCT,i7.3*,GGTCTACC,GGTCTACC:TCTCTGCT
Plate2,H03,i5.16*,TCTCTGCT,i7.5*,AACTCTCC,AACTCTCC:TCTCTGCT
Plate2,H04,i5.16*,TCTCTGCT,i7.7*,GTAATAGT,GTAATAGT:TCTCTGCT
Plate2,H05,i5.16*,TCTCTGCT,i7.9*,ATATATTC,ATATATTC:TCTCTGCT
Plate2,H06,i5.16*,TCTCTGCT,i7.11*,GATACCAT,GATACCAT:TCTCTGCT
Plate2,H07,i5.16*,TCTCTGCT,i7.13*,AATGCCTC,AATGCCTC:TCTCTGCT
Plate2,H08,i5.16*,TCTCTGCT,i7.15*,GCGAGGCG,GCGAGGCG:TCTCTGCT
Plate2,H09,i5.16*,TCTCTGCT,i7.17*,ATCGGACC,ATCGGACC:TCTCTGCT
Plate2,H10,i5.16*,TCTCTGCT,i7.19*,GCCTATAC,GCCTATAC:TCTCTGCT
Plate2,H11,i5.16*,TCTCTGCT,i7.21*,AGGAAGCA,AGGAAGCA:TCTCTGCT
Plate2,H12,i5.16*,TCTCTGCT,i7.23*,GAAGGATT,GAAGGATT:TCTCTGCT
Plate3,A01,i5.1,AGAACTTA,i7.1*,AACTGCTT,AACTGCTT:AGAACTTA
Plate3,A02,i5.1,AGAACTTA,i7.3*,GGTCTACC,GGTCTACC:AGAACTTA
Plate3,A03,i5.1,AGAACTTA,i7.5*,AACTCTCC,AACTCTCC:AGAACTTA
Plate3,A04,i5.1,AGAACTTA,i7.7*,GTAATAGT,GTAATAGT:AGAACTTA
Plate3,A05,i5.1,AGAACTTA,i7.9*,ATATATTC,ATATATTC:AGAACTTA
Plate3,A06,i5.1,AGAACTTA,i7.11*,GATACCAT,GATACCAT:AGAACTTA
Plate3,A07,i5.1,AGAACTTA,i7.13*,AATGCCTC,AATGCCTC:AGAACTTA
Plate3,A08,i5.1,AGAACTTA,i7.15*,GCGAGGCG,GCGAGGCG:AGAACTTA
Plate3,A09,i5.1,AGAACTTA,i7.17*,ATCGGACC,ATCGGACC:AGAACTTA
Plate3,A10,i5.1,AGAACTTA,i7.19*,GCCTATAC,GCCTATAC:AGAACTTA
Plate3,A11,i5.1,AGAACTTA,i7.21*,AGGAAGCA,AGGAAGCA:AGAACTTA
Plate3,A12,i5.1,AGAACTTA,i7.23*,GAAGGATT,GAAGGATT:AGAACTTA
Plate3,B01,i5.3,GCTGGAAG,i7.1*,AACTGCTT,AACTGCTT:GCTGGAAG
Plate3,B02,i5.3,GCTGGAAG,i7.3*,GGTCTACC,GGTCTACC:GCTGGAAG
Plate3,B03,i5.3,GCTGGAAG,i7.5*,AACTCTCC,AACTCTCC:GCTGGAAG
Plate3,B04,i5.3,GCTGGAAG,i7.7*,GTAATAGT,GTAATAGT:GCTGGAAG
Plate3,B05,i5.3,GCTGGAAG,i7.9*,ATATATTC,ATATATTC:GCTGGAAG
Plate3,B06,i5.3,GCTGGAAG,i7.11*,GATACCAT,GATACCAT:GCTGGAAG
Plate3,B07,i5.3,GCTGGAAG,i7.13*,AATGCCTC,AATGCCTC:GCTGGAAG
Plate3,B08,i5.3,GCTGGAAG,i7.15*,GCGAGGCG,GCGAGGCG:GCTGGAAG
Plate3,B09,i5.3,GCTGGAAG,i7.17*,ATCGGACC,ATCGGACC:GCTGGAAG
Plate3,B10,i5.3,GCTGGAAG,i7.19*,GCCTATAC,GCCTATAC:GCTGGAAG
Plate3,B11,i5.3,GCTGGAAG,i7.21*,AGGAAGCA,AGGAAGCA:GCTGGAAG
Plate3,B12,i5.3,GCTGGAAG,i7.23*,GAAGGATT,GAAGGATT:GCTGGAAG
Plate3,C01,i5.5,ACCAGCGC,i7.1*,AACTGCTT,AACTGCTT:ACCAGCGC
Plate3,C02,i5.5,ACCAGCGC,i7.3*,GGTCTACC,GGTCTACC:ACCAGCGC
Plate3,C03,i5.5,ACCAGCGC,i7.5*,AACTCTCC,AACTCTCC:ACCAGCGC
Plate3,C04,i5.5,ACCAGCGC,i7.7*,GTAATAGT,GTAATAGT:ACCAGCGC
Plate3,C05,i5.5,ACCAGCGC,i7.9*,ATATATTC,ATATATTC:ACCAGCGC
Plate3,C06,i5.5,ACCAGCGC,i7.11*,GATACCAT,GATACCAT:ACCAGCGC
Plate3,C07,i5.5,ACCAGCGC,i7.13*,AATGCCTC,AATGCCTC:ACCAGCGC
Plate3,C08,i5.5,ACCAGCGC,i7.15*,GCGAGGCG,GCGAGGCG:ACCAGCGC
Plate3,C09,i5.5,ACCAGCGC,i7.17*,ATCGGACC,ATCGGACC:ACCAGCGC
Plate3,C10,i5.5,ACCAGCGC,i7.19*,GCCTATAC,GCCTATAC:ACCAGCGC
Plate3,C11,i5.5,ACCAGCGC,i7.21*,AGGAAGCA,AGGAAGCA:ACCAGCGC
Plate3,C12,i5.5,ACCAGCGC,i7.23*,GAAGGATT,GAAGGATT:ACCAGCGC
Plate3,D01,i5.7,GTTGCGCT,i7.1*,AACTGCTT,AACTGCTT:GTTGCGCT
Plate3,D02,i5.7,GTTGCGCT,i7.3*,GGTCTACC,GGTCTACC:GTTGCGCT
Plate3,D03,i5.7,GTTGCGCT,i7.5*,AACTCTCC,AACTCTCC:GTTGCGCT
Plate3,D04,i5.7,GTTGCGCT,i7.7*,GTAATAGT,GTAATAGT:GTTGCGCT
Plate3,D05,i5.7,GTTGCGCT,i7.9*,ATATATTC,ATATATTC:GTTGCGCT
Plate3,D06,i5.7,GTTGCGCT,i7.11*,GATACCAT,GATACCAT:GTTGCGCT
Plate3,D07,i5.7,GTTGCGCT,i7.13*,AATGCCTC,AATGCCTC:GTTGCGCT
Plate3,D08,i5.7,GTTGCGCT,i7.15*,GCGAGGCG,GCGAGGCG:GTTGCGCT
Plate3,D09,i5.7,GTTGCGCT,i7.17*,ATCGGACC,ATCGGACC:GTTGCGCT
Plate3,D10,i5.7,GTTGCGCT,i7.19*,GCCTATAC,GCCTATAC:GTTGCGCT
Plate3,D11,i5.7,GTTGCGCT,i7.21*,AGGAAGCA,AGGAAGCA:GTTGCGCT
Plate3,D12,i5.7,GTTGCGCT,i7.23*,GAAGGATT,GAAGGATT:GTTGCGCT
Plate3,E01,i5.9,AGCTTAAC,i7.1*,AACTGCTT,AACTGCTT:AGCTTAAC
Plate3,E02,i5.9,AGCTTAAC,i7.3*,GGTCTACC,GGTCTACC:AGCTTAAC
Plate3,E03,i5.9,AGCTTAAC,i7.5*,AACTCTCC,AACTCTCC:AGCTTAAC
Plate3,E04,i5.9,AGCTTAAC,i7.7*,GTAATAGT,GTAATAGT:AGCTTAAC
Plate3,E05,i5.9,AGCTTAAC,i7.9*,ATATATTC,ATATATTC:AGCTTAAC
Plate3,E06,i5.9,AGCTTAAC,i7.11*,GATACCAT,GATACCAT:AGCTTAAC
Plate3,E07,i5.9,AGCTTAAC,i7.13*,AATGCCTC,AATGCCTC:AGCTTAAC
Plate3,E08,i5.9,AGCTTAAC,i7.15*,GCGAGGCG,GCGAGGCG:AGCTTAAC
Plate3,E09,i5.9,AGCTTAAC,i7.17*,ATCGGACC,ATCGGACC:AGCTTAAC
Plate3,E10,i5.9,AGCTTAAC,i7.19*,GCCTATAC,GCCTATAC:AGCTTAAC
Plate3,E11,i5.9,AGCTTAAC,i7.21*,AGGAAGCA,AGGAAGCA:AGCTTAAC
Plate3,E12,i5.9,AGCTTAAC,i7.23*,GAAGGATT,GAAGGATT:AGCTTAAC
Plate3,F01,i5.11,GCTCCTGG,i7.1*,AACTGCTT,AACTGCTT:GCTCCTGG
Plate3,F02,i5.11,GCTCCTGG,i7.3*,GGTCTACC,GGTCTACC:GCTCCTGG
Plate3,F03,i5.11,GCTCCTGG,i7.5*,AACTCTCC,AACTCTCC:GCTCCTGG
Plate3,F04,i5.11,GCTCCTGG,i7.7*,GTAATAGT,GTAATAGT:GCTCCTGG
Plate3,F05,i5.11,GCTCCTGG,i7.9*,ATATATTC,ATATATTC:GCTCCTGG
Plate3,F06,i5.11,GCTCCTGG,i7.11*,GATACCAT,GATACCAT:GCTCCTGG
Plate3,F07,i5.11,GCTCCTGG,i7.13*,AATGCCTC,AATGCCTC:GCTCCTGG
Plate3,F08,i5.11,GCTCCTGG,i7.15*,GCGAGGCG,GCGAGGCG:GCTCCTGG
Plate3,F09,i5.11,GCTCCTGG,i7.17*,ATCGGACC,ATCGGACC:GCTCCTGG
Plate3,F10,i5.11,GCTCCTGG,i7.19*,GCCTATAC,GCCTATAC:GCTCCTGG
Plate3,F11,i5.11,GCTCCTGG,i7.21*,AGGAAGCA,AGGAAGCA:GCTCCTGG
Plate3,F12,i5.11,GCTCCTGG,i7.23*,GAAGGATT,GAAGGATT:GCTCCTGG
Plate3,G01,i5.13,AAGGCAAG,i7.1*,AACTGCTT,AACTGCTT:AAGGCAAG
Plate3,G02,i5.13,AAGGCAAG,i7.3*,GGTCTACC,GGTCTACC:AAGGCAAG
Plate3,G03,i5.13,AAGGCAAG,i7.5*,AACTCTCC,AACTCTCC:AAGGCAAG
Plate3,G04,i5.13,AAGGCAAG,i7.7*,GTAATAGT,GTAATAGT:AAGGCAAG
Plate3,G05,i5.13,AAGGCAAG,i7.9*,ATATATTC,ATATATTC:AAGGCAAG
Plate3,G06,i5.13,AAGGCAAG,i7.11*,GATACCAT,GATACCAT:AAGGCAAG
Plate3,G07,i5.13,AAGGCAAG,i7.13*,AATGCCTC,AATGCCTC:AAGGCAAG
Plate3,G08,i5.13,AAGGCAAG,i7.15*,GCGAGGCG,GCGAGGCG:AAGGCAAG
Plate3,G09,i5.13,AAGGCAAG,i7.17*,ATCGGACC,ATCGGACC:AAGGCAAG
Plate3,G10,i5.13,AAGGCAAG,i7.19*,GCCTATAC,GCCTATAC:AAGGCAAG
Plate3,G11,i5.13,AAGGCAAG,i7.21*,AGGAAGCA,AGGAAGCA:AAGGCAAG
Plate3,G12,i5.13,AAGGCAAG,i7.23*,GAAGGATT,GAAGGATT:AAGGCAAG
Plate3,H01,i5.15,GGCAGTTC,i7.1*,AACTGCTT,AACTGCTT:GGCAGTTC
Plate3,H02,i5.15,GGCAGTTC,i7.3*,GGTCTACC,GGTCTACC:GGCAGTTC
Plate3,H03,i5.15,GGCAGTTC,i7.5*,AACTCTCC,AACTCTCC:GGCAGTTC
Plate3,H04,i5.15,GGCAGTTC,i7.7*,GTAATAGT,GTAATAGT:GGCAGTTC
Plate3,H05,i5.15,GGCAGTTC,i7.9*,ATATATTC,ATATATTC:GGCAGTTC
Plate3,H06,i5.15,GGCAGTTC,i7.11*,GATACCAT,GATACCAT:GGCAGTTC
Plate3,H07,i5.15,GGCAGTTC,i7.13*,AATGCCTC,AATGCCTC:GGCAGTTC
Plate3,H08,i5.15,GGCAGTTC,i7.15*,GCGAGGCG,GCGAGGCG:GGCAGTTC
Plate3,H09,i5.15,GGCAGTTC,i7.17*,ATCGGACC,ATCGGACC:GGCAGTTC
Plate3,H10,i5.15,GGCAGTTC,i7.19*,GCCTATAC,GCCTATAC:GGCAGTTC
Plate3,H11,i5.15,GGCAGTTC,i7.21*,AGGAAGCA,AGGAAGCA:GGCAGTTC
Plate3,H12,i5.15,GGCAGTTC,i7.23*,GAAGGATT,GAAGGATT:GGCAGTTC
Plate4,A01,i5.2*,CATTGAAC,i7.2,CAAGATGG,CAAGATGG:CATTGAAC
Plate4,A02,i5.2*,CATTGAAC,i7.4,TGGCCTAA,TGGCCTAA:CATTGAAC
Plate4,A03,i5.2*,CATTGAAC,i7.6,CCGCGCCA,CCGCGCCA:CATTGAAC
Plate4,A04,i5.2*,CATTGAAC,i7.8,TGGTATTG,TGGTATTG:CATTGAAC
Plate4,A05,i5.2*,CATTGAAC,i7.10,CGGCTGCG,CGGCTGCG:CATTGAAC
Plate4,A06,i5.2*,CATTGAAC,i7.12,TAAGGCGC,TAAGGCGC:CATTGAAC
Plate4,A07,i5.2*,CATTGAAC,i7.14,CGCGCATC,CGCGCATC:CATTGAAC
Plate4,A08,i5.2*,CATTGAAC,i7.16,TTACTTAT,TTACTTAT:CATTGAAC
Plate4,A09,i5.2*,CATTGAAC,i7.18,CATACTTG,CATACTTG:CATTGAAC
Plate4,A10,i5.2*,CATTGAAC,i7.20,TGGCGCGT,TGGCGCGT:CATTGAAC
Plate4,A11,i5.2*,CATTGAAC,i7.22,CCTTCTAT,CCTTCTAT:CATTGAAC
Plate4,A12,i5.2*,CATTGAAC,i7.24,TTAATCTC,TTAATCTC:CATTGAAC
Plate4,B01,i5.4*,TTCAAGGT,i7.2,CAAGATGG,CAAGATGG:TTCAAGGT
Plate4,B02,i5.4*,TTCAAGGT,i7.4,TGGCCTAA,TGGCCTAA:TTCAAGGT
Plate4,B03,i5.4*,TTCAAGGT,i7.6,CCGCGCCA,CCGCGCCA:TTCAAGGT
Plate4,B04,i5.4*,TTCAAGGT,i7.8,TGGTATTG,TGGTATTG:TTCAAGGT
Plate4,B05,i5.4*,TTCAAGGT,i7.10,CGGCTGCG,CGGCTGCG:TTCAAGGT
Plate4,B06,i5.4*,TTCAAGGT,i7.12,TAAGGCGC,TAAGGCGC:TTCAAGGT
Plate4,B07,i5.4*,TTCAAGGT,i7.14,CGCGCATC,CGCGCATC:TTCAAGGT
Plate4,B08,i5.4*,TTCAAGGT,i7.16,TTACTTAT,TTACTTAT:TTCAAGGT
Plate4,B09,i5.4*,TTCAAGGT,i7.18,CATACTTG,CATACTTG:TTCAAGGT
Plate4,B10,i5.4*,TTCAAGGT,i7.20,TGGCGCGT,TGGCGCGT:TTCAAGGT
Plate4,B11,i5.4*,TTCAAGGT,i7.22,CCTTCTAT,CCTTCTAT:TTCAAGGT
Plate4,B12,i5.4*,TTCAAGGT,i7.24,TTAATCTC,TTAATCTC:TTCAAGGT
Plate4,C01,i5.6*,CAACTATG,i7.2,CAAGATGG,CAAGATGG:CAACTATG
Plate4,C02,i5.6*,CAACTATG,i7.4,TGGCCTAA,TGGCCTAA:CAACTATG
Plate4,C03,i5.6*,CAACTATG,i7.6,CCGCGCCA,CCGCGCCA:CAACTATG
Plate4,C04,i5.6*,CAACTATG,i7.8,TGGTATTG,TGGTATTG:CAACTATG
Plate4,C05,i5.6*,CAACTATG,i7.10,CGGCTGCG,CGGCTGCG:CAACTATG
Plate4,C06,i5.6*,CAACTATG,i7.12,TAAGGCGC,TAAGGCGC:CAACTATG
Plate4,C07,i5.6*,CAACTATG,i7.14,CGCGCATC,CGCGCATC:CAACTATG
Plate4,C08,i5.6*,CAACTATG,i7.16,TTACTTAT,TTACTTAT:CAACTATG
Plate4,C09,i5.6*,CAACTATG,i7.18,CATACTTG,CATACTTG:CAACTATG
Plate4,C10,i5.6*,CAACTATG,i7.20,TGGCGCGT,TGGCGCGT:CAACTATG
Plate4,C11,i5.6*,CAACTATG,i7.22,CCTTCTAT,CCTTCTAT:CAACTATG
Plate4,C12,i5.6*,CAACTATG,i7.24,TTAATCTC,TTAATCTC:CAACTATG
Plate4,D01,i5.8*,TTGGATAC,i7.2,CAAGATGG,CAAGATGG:TTGGATAC
Plate4,D02,i5.8*,TTGGATAC,i7.4,TGGCCTAA,TGGCCTAA:TTGGATAC
Plate4,D03,i5.8*,TTGGATAC,i7.6,CCGCGCCA,CCGCGCCA:TTGGATAC
Plate4,D04,i5.8*,TTGGATAC,i7.8,TGGTATTG,TGGTATTG:TTGGATAC
Plate4,D05,i5.8*,TTGGATAC,i7.10,CGGCTGCG,CGGCTGCG:TTGGATAC
Plate4,D06,i5.8*,TTGGATAC,i7.12,TAAGGCGC,TAAGGCGC:TTGGATAC
Plate4,D07,i5.8*,TTGGATAC,i7.14,CGCGCATC,CGCGCATC:TTGGATAC
Plate4,D08,i5.8*,TTGGATAC,i7.16,TTACTTAT,TTACTTAT:TTGGATAC
Plate4,D09,i5.8*,TTGGATAC,i7.18,CATACTTG,CATACTTG:TTGGATAC
Plate4,D10,i5.8*,TTGGATAC,i7.20,TGGCGCGT,TGGCGCGT:TTGGATAC
Plate4,D11,i5.8*,TTGGATAC,i7.22,CCTTCTAT,CCTTCTAT:TTGGATAC
Plate4,D12,i5.8*,TTGGATAC,i7.24,TTAATCTC,TTAATCTC:TTGGATAC
Plate4,E01,i5.10*,CAGGCGTT,i7.2,CAAGATGG,CAAGATGG:CAGGCGTT
Plate4,E02,i5.10*,CAGGCGTT,i7.4,TGGCCTAA,TGGCCTAA:CAGGCGTT
Plate4,E03,i5.10*,CAGGCGTT,i7.6,CCGCGCCA,CCGCGCCA:CAGGCGTT
Plate4,E04,i5.10*,CAGGCGTT,i7.8,TGGTATTG,TGGTATTG:CAGGCGTT
Plate4,E05,i5.10*,CAGGCGTT,i7.10,CGGCTGCG,CGGCTGCG:CAGGCGTT
Plate4,E06,i5.10*,CAGGCGTT,i7.12,TAAGGCGC,TAAGGCGC:CAGGCGTT
Plate4,E07,i5.10*,CAGGCGTT,i7.14,CGCGCATC,CGCGCATC:CAGGCGTT
Plate4,E08,i5.10*,CAGGCGTT,i7.16,TTACTTAT,TTACTTAT:CAGGCGTT
Plate4,E09,i5.10*,CAGGCGTT,i7.18,CATACTTG,CATACTTG:CAGGCGTT
Plate4,E10,i5.10*,CAGGCGTT,i7.20,TGGCGCGT,TGGCGCGT:CAGGCGTT
Plate4,E11,i5.10*,CAGGCGTT,i7.22,CCTTCTAT,CCTTCTAT:CAGGCGTT
Plate4,E12,i5.10*,CAGGCGTT,i7.24,TTAATCTC,TTAATCTC:CAGGCGTT
Plate4,F01,i5.12*,TGCCTCCA,i7.2,CAAGATGG,CAAGATGG:TGCCTCCA
Plate4,F02,i5.12*,TGCCTCCA,i7.4,TGGCCTAA,TGGCCTAA:TGCCTCCA
Plate4,F03,i5.12*,TGCCTCCA,i7.6,CCGCGCCA,CCGCGCCA:TGCCTCCA
Plate4,F04,i5.12*,TGCCTCCA,i7.8,TGGTATTG,TGGTATTG:TGCCTCCA
Plate4,F05,i5.12*,TGCCTCCA,i7.10,CGGCTGCG,CGGCTGCG:TGCCTCCA
Plate4,F06,i5.12*,TGCCTCCA,i7.12,TAAGGCGC,TAAGGCGC:TGCCTCCA
Plate4,F07,i5.12*,TGCCTCCA,i7.14,CGCGCATC,CGCGCATC:TGCCTCCA
Plate4,F08,i5.12*,TGCCTCCA,i7.16,TTACTTAT,TTACTTAT:TGCCTCCA
Plate4,F09,i5.12*,TGCCTCCA,i7.18,CATACTTG,CATACTTG:TGCCTCCA
Plate4,F10,i5.12*,TGCCTCCA,i7.20,TGGCGCGT,TGGCGCGT:TGCCTCCA
Plate4,F11,i5.12*,TGCCTCCA,i7.22,CCTTCTAT,CCTTCTAT:TGCCTCCA
Plate4,F12,i5.12*,TGCCTCCA,i7.24,TTAATCTC,TTAATCTC:TGCCTCCA
Plate4,G01,i5.14*,CGATAAGC,i7.2,CAAGATGG,CAAGATGG:CGATAAGC
Plate4,G02,i5.14*,CGATAAGC,i7.4,TGGCCTAA,TGGCCTAA:CGATAAGC
Plate4,G03,i5.14*,CGATAAGC,i7.6,CCGCGCCA,CCGCGCCA:CGATAAGC
Plate4,G04,i5.14*,CGATAAGC,i7.8,TGGTATTG,TGGTATTG:CGATAAGC
Plate4,G05,i5.14*,CGATAAGC,i7.10,CGGCTGCG,CGGCTGCG:CGATAAGC
Plate4,G06,i5.14*,CGATAAGC,i7.12,TAAGGCGC,TAAGGCGC:CGATAAGC
Plate4,G07,i5.14*,CGATAAGC,i7.14,CGCGCATC,CGCGCATC:CGATAAGC
Plate4,G08,i5.14*,CGATAAGC,i7.16,TTACTTAT,TTACTTAT:CGATAAGC
Plate4,G09,i5.14*,CGATAAGC,i7.18,CATACTTG,CATACTTG:CGATAAGC
Plate4,G10,i5.14*,CGATAAGC,i7.20,TGGCGCGT,TGGCGCGT:CGATAAGC
Plate4,G11,i5.14*,CGATAAGC,i7.22,CCTTCTAT,CCTTCTAT:CGATAAGC
Plate4,G12,i5.14*,CGATAAGC,i7.24,TTAATCTC,TTAATCTC:CGATAAGC
Plate4,H01,i5.16*,TCTCTGCT,i7.2,CAAGATGG,CAAGATGG:TCTCTGCT
Plate4,H02,i5.16*,TCTCTGCT,i7.4,TGGCCTAA,TGGCCTAA:TCTCTGCT
Plate4,H03,i5.16*,TCTCTGCT,i7.6,CCGCGCCA,CCGCGCCA:TCTCTGCT
Plate4,H04,i5.16*,TCTCTGCT,i7.8,TGGTATTG,TGGTATTG:TCTCTGCT
Plate4,H05,i5.16*,TCTCTGCT,i7.10,CGGCTGCG,CGGCTGCG:TCTCTGCT
Plate4,H06,i5.16*,TCTCTGCT,i7.12,TAAGGCGC,TAAGGCGC:TCTCTGCT
Plate4,H07,i5.16*,TCTCTGCT,i7.14,CGCGCATC,CGCGCATC:TCTCTGCT
Plate4,H08,i5.16*,TCTCTGCT,i7.16,TTACTTAT,TTACTTAT:TCTCTGCT
Plate4,H09,i5.16*,TCTCTGCT,i7.18,CATACTTG,CATACTTG:TCTCTGCT
Plate4,H10,i5.16*,TCTCTGCT,i7.20,TGGCGCGT,TGGCGCGT:TCTCTGCT
Plate4,H11,i5.16*,TCTCTGCT,i7.22,CCTTCTAT,CCTTCTAT:TCTCTGCT
Plate4,H12,i5.16*,TCTCTGCT,i7.24,TTAATCTC,TTAATCTC:TCTCTGCT