BarcodePlate,BarcodeWell,BarcodeSequence,LinkerPrimerSequence
Plate1,A01,ATCCCTTGTCTCC,GGACTACHVGGGTWTCTAAT
Plate1,A02,CACGAGACTGATT,GGACTACHVGGGTWTCTAAT
Plate1,A03,CGCTGTACGGATT,GGACTACHVGGGTWTCTAAT
Plate1,A04,GATCACCAGGTGT,GGACTACHVGGGTWTCTAAT
Plate1,A05,GTGGTCAACGATA,GGACTACHVGGGTWTCTAAT
Plate1,A06,CATCGCACAGTAA,GGACTACHVGGGTWTCTAAT
Plate1,A07,TGTCGTGTAGCCT,GGACTACHVGGGTWTCTAAT
Plate1,A08,TAGCGGAGGTTAG,GGACTACHVGGGTWTCTAAT
Plate1,A09,GATCCTTTGGTTC,GGACTACHVGGGTWTCTAAT
Plate1,A10,ATACAGCGCATAC,GGACTACHVGGGTWTCTAAT
Plate1,A11,GACCGGTATGTAC,GGACTACHVGGGTWTCTAAT
Plate1,A12,GAATTGTGTCGGA,GGACTACHVGGGTWTCTAAT
Plate1,B01,ATGCATACACTGG,GGACTACHVGGGTWTCTAAT
Plate1,B02,TAGTCGAACGAGG,GGACTACHVGGGTWTCTAAT
Plate1,B03,CACCAGTGACTCA,GGACTACHVGGGTWTCTAAT
Plate1,B04,CGAATACCAAGTC,GGACTACHVGGGTWTCTAAT
Plate1,B05,CGTAGATCGTGTA,GGACTACHVGGGTWTCTAAT
Plate1,B06,ATAACGTGTGTGC,GGACTACHVGGGTWTCTAAT
Plate1,B07,ACATTATGGCGTG,GGACTACHVGGGTWTCTAAT
Plate1,B08,TCCAATACGCCTG,GGACTACHVGGGTWTCTAAT
Plate1,B09,TGATCTGCGATCC,GGACTACHVGGGTWTCTAAT
Plate1,B10,ACAGCTCATCAGC,GGACTACHVGGGTWTCTAAT
Plate1,B11,GCAAACAACAGCT,GGACTACHVGGGTWTCTAAT
Plate1,B12,AGCAACACCATCC,GGACTACHVGGGTWTCTAAT
Plate1,C01,AGCGATATATCGC,GGACTACHVGGGTWTCTAAT
Plate1,C02,GCGAGCAATCCTA,GGACTACHVGGGTWTCTAAT
Plate1,C03,TAGTCGTGCACAT,GGACTACHVGGGTWTCTAAT
Plate1,C04,AGTATCTGCGCGT,GGACTACHVGGGTWTCTAAT
Plate1,C05,TCGAGGGAAAGTC,GGACTACHVGGGTWTCTAAT
Plate1,C06,GCAAATTCGGGAT,GGACTACHVGGGTWTCTAAT
Plate1,C07,GAGATTGACCAAC,GGACTACHVGGGTWTCTAAT
Plate1,C08,CAGTTACGAGCTA,GGACTACHVGGGTWTCTAAT
Plate1,C09,AGCATATGCACTG,GGACTACHVGGGTWTCTAAT
Plate1,C10,ACAACTCCCGTGA,GGACTACHVGGGTWTCTAAT
Plate1,C11,GTTGCGTTAGCAG,GGACTACHVGGGTWTCTAAT
Plate1,C12,ATACGAGCCCTAA,GGACTACHVGGGTWTCTAAT
Plate1,D01,GCACTACGCTAGA,GGACTACHVGGGTWTCTAAT
Plate1,D02,ATGCAGTCCTCGA,GGACTACHVGGGTWTCTAAT
Plate1,D03,TACCATAGCTCCG,GGACTACHVGGGTWTCTAAT
Plate1,D04,CTCGACATCTCTT,GGACTACHVGGGTWTCTAAT
Plate1,D05,CGAACACTTTGGA,GGACTACHVGGGTWTCTAAT
Plate1,D06,CGAGCCATCTGTA,GGACTACHVGGGTWTCTAAT
Plate1,D07,ATTGGGTACACGT,GGACTACHVGGGTWTCTAAT
Plate1,D08,TAAGGCGCTCCTT,GGACTACHVGGGTWTCTAAT
Plate1,D09,CTAATACGGATCG,GGACTACHVGGGTWTCTAAT
Plate1,D10,CTCGGAATTAGAC,GGACTACHVGGGTWTCTAAT
Plate1,D11,CTGTGAATTCGGA,GGACTACHVGGGTWTCTAAT
Plate1,D12,TCATTCGTGGCGT,GGACTACHVGGGTWTCTAAT
Plate1,E01,ATACTACGTGGCC,GGACTACHVGGGTWTCTAAT
Plate1,E02,AGGCCAGTTCCTA,GGACTACHVGGGTWTCTAAT
Plate1,E03,CGATGTTCGCTAG,GGACTACHVGGGTWTCTAAT
Plate1,E04,GCTATCTCCTGTC,GGACTACHVGGGTWTCTAAT
Plate1,E05,GACTCACAGGAAT,GGACTACHVGGGTWTCTAAT
Plate1,E06,GATGATGAGCCTC,GGACTACHVGGGTWTCTAAT
Plate1,E07,TGTCGACAGAGGA,GGACTACHVGGGTWTCTAAT
Plate1,E08,CTGTCGCAAATAG,GGACTACHVGGGTWTCTAAT
Plate1,E09,ACATCCCTCTACT,GGACTACHVGGGTWTCTAAT
Plate1,E10,ATATACCGCTGCG,GGACTACHVGGGTWTCTAAT
Plate1,E11,CAGTTGAGGCATT,GGACTACHVGGGTWTCTAAT
Plate1,E12,CACAATAGACACC,GGACTACHVGGGTWTCTAAT
Plate1,F01,GCGGTCAATTGAC,GGACTACHVGGGTWTCTAAT
Plate1,F02,AGTGGAGTCTCAT,GGACTACHVGGGTWTCTAAT
Plate1,F03,CGCTCGAAGATTC,GGACTACHVGGGTWTCTAAT
Plate1,F04,CAGGCTTACGTGT,GGACTACHVGGGTWTCTAAT
Plate1,F05,ATCTCTACCACTC,GGACTACHVGGGTWTCTAAT
Plate1,F06,CACTTCCAACTTC,GGACTACHVGGGTWTCTAAT
Plate1,F07,TCTCACCTAGGAA,GGACTACHVGGGTWTCTAAT
Plate1,F08,TGTGTTGTCGTGC,GGACTACHVGGGTWTCTAAT
Plate1,F09,ACCACAGATCGAT,GGACTACHVGGGTWTCTAAT
Plate1,F10,CTATCGACACAAG,GGACTACHVGGGTWTCTAAT
Plate1,F11,AGATTCCGGCTCA,GGACTACHVGGGTWTCTAAT
Plate1,F12,ACGTAATTGCCGC,GGACTACHVGGGTWTCTAAT
Plate1,G01,CGGTGACTAGTTC,GGACTACHVGGGTWTCTAAT
Plate1,G02,TATGGGTTCCGTC,GGACTACHVGGGTWTCTAAT
Plate1,G03,GTAGGCATGCTTG,GGACTACHVGGGTWTCTAAT
Plate1,G04,CAACTAGTTCAGG,GGACTACHVGGGTWTCTAAT
Plate1,G05,GATTCTGCCGAAG,GGACTACHVGGGTWTCTAAT
Plate1,G06,TAGCATGTCCCGT,GGACTACHVGGGTWTCTAAT
Plate1,G07,CGTACGATATGAC,GGACTACHVGGGTWTCTAAT
Plate1,G08,TGTGGTGGTTTCC,GGACTACHVGGGTWTCTAAT
Plate1,G09,CTAGTATGCGCAA,GGACTACHVGGGTWTCTAAT
Plate1,G10,CTGCGCTGAATGT,GGACTACHVGGGTWTCTAAT
Plate1,G11,CATGGCTGTCAGT,GGACTACHVGGGTWTCTAAT
Plate1,G12,CGTTCTCTTCTCG,GGACTACHVGGGTWTCTAAT
Plate1,H01,TCGTAAGATGCCT,GGACTACHVGGGTWTCTAAT
Plate1,H02,AGCGTTCTAGCTG,GGACTACHVGGGTWTCTAAT
Plate1,H03,CGTTGTTCTGGGA,GGACTACHVGGGTWTCTAAT
Plate1,H04,AGGACTTCCAGCT,GGACTACHVGGGTWTCTAAT
Plate1,H05,ACTCACAACCGTG,GGACTACHVGGGTWTCTAAT
Plate1,H06,ACTGCTATTCCTC,GGACTACHVGGGTWTCTAAT
Plate1,H07,TATGTCACCGCTG,GGACTACHVGGGTWTCTAAT
Plate1,H08,ATGTAACGCCGAT,GGACTACHVGGGTWTCTAAT
Plate1,H09,CAGCAGAACATCT,GGACTACHVGGGTWTCTAAT
Plate1,H10,ATGGAGTAGGTGG,GGACTACHVGGGTWTCTAAT
Plate1,H11,CTTGGCTCTATTC,GGACTACHVGGGTWTCTAAT
Plate1,H12,AGATCCCACGTAC,GGACTACHVGGGTWTCTAAT
Plate2,A01,CTACCGCTTCTTC,GGACTACHVGGGTWTCTAAT
Plate2,A02,GTGTGCGATAACA,GGACTACHVGGGTWTCTAAT
Plate2,A03,CGATTATCGACGA,GGACTACHVGGGTWTCTAAT
Plate2,A04,AGCCTAGCCCAAT,GGACTACHVGGGTWTCTAAT
Plate2,A05,CGATGTATGTGGT,GGACTACHVGGGTWTCTAAT
Plate2,A06,CACTCCTTGTGTT,GGACTACHVGGGTWTCTAAT
Plate2,A07,CGTCACGGACATT,GGACTACHVGGGTWTCTAAT
Plate2,A08,TGCGAGCGAAGTA,GGACTACHVGGGTWTCTAAT
Plate2,A09,GATCTACCGAAGC,GGACTACHVGGGTWTCTAAT
Plate2,A10,GACTTGGTGTAAG,GGACTACHVGGGTWTCTAAT
Plate2,A11,ATCTTGGAGGTCA,GGACTACHVGGGTWTCTAAT
Plate2,A12,ATCACCTCCTTGT,GGACTACHVGGGTWTCTAAT
Plate2,B01,AGCACACCTGATA,GGACTACHVGGGTWTCTAAT
Plate2,B02,CGCGACAATTACA,GGACTACHVGGGTWTCTAAT
Plate2,B03,GTCATGCTCCATT,GGACTACHVGGGTWTCTAAT
Plate2,B04,TAGCTGTCAAGCT,GGACTACHVGGGTWTCTAAT
Plate2,B05,CGAGAGCAACAGA,GGACTACHVGGGTWTCTAAT
Plate2,B06,ATACTCGGGAACT,GGACTACHVGGGTWTCTAAT
Plate2,B07,ACGTGCTTAGGCT,GGACTACHVGGGTWTCTAAT
Plate2,B08,GTACCGAAGGTAT,GGACTACHVGGGTWTCTAAT
Plate2,B09,GCACTCATCATTC,GGACTACHVGGGTWTCTAAT
Plate2,B10,CGTATTTCGGACG,GGACTACHVGGGTWTCTAAT
Plate2,B11,CTATCTATCCTGC,GGACTACHVGGGTWTCTAAT
Plate2,B12,ATTGCCAAGAGTC,GGACTACHVGGGTWTCTAAT
Plate2,C01,CAGTAGCGGAAGA,GGACTACHVGGGTWTCTAAT
Plate2,C02,CGCAATTAGGTAC,GGACTACHVGGGTWTCTAAT
Plate2,C03,ACATACCGTGAGT,GGACTACHVGGGTWTCTAAT
Plate2,C04,CATGTGTGTAGAC,GGACTACHVGGGTWTCTAAT
Plate2,C05,ACCTGCGAAGTAT,GGACTACHVGGGTWTCTAAT
Plate2,C06,GTTCTCTCGACAT,GGACTACHVGGGTWTCTAAT
Plate2,C07,AGCTCTCCGTAGA,GGACTACHVGGGTWTCTAAT
Plate2,C08,TGTTAAGCTGACC,GGACTACHVGGGTWTCTAAT
Plate2,C09,TATGCCATGCCGT,GGACTACHVGGGTWTCTAAT
Plate2,C10,TGACATTGTCACG,GGACTACHVGGGTWTCTAAT
Plate2,C11,CGCCAACAACCAT,GGACTACHVGGGTWTCTAAT
Plate2,C12,CATCAGTACTAGG,GGACTACHVGGGTWTCTAAT
Plate2,D01,ATCCTCGAGCGAT,GGACTACHVGGGTWTCTAAT
Plate2,D02,TACCCAAGCGTTA,GGACTACHVGGGTWTCTAAT
Plate2,D03,GTGCAGCAAGATT,GGACTACHVGGGTWTCTAAT
Plate2,D04,CAGCAACATTGCA,GGACTACHVGGGTWTCTAAT
Plate2,D05,CGATGTGGTGTTA,GGACTACHVGGGTWTCTAAT
Plate2,D06,GCAGAAATGTGTC,GGACTACHVGGGTWTCTAAT
Plate2,D07,TGTAGAGGTAGAG,GGACTACHVGGGTWTCTAAT
Plate2,D08,ACGTGATCCGCTA,GGACTACHVGGGTWTCTAAT
Plate2,D09,CGGTTATTTGGCG,GGACTACHVGGGTWTCTAAT
Plate2,D10,CGGATCGTAATAC,GGACTACHVGGGTWTCTAAT
Plate2,D11,CGCATAGCATCAA,GGACTACHVGGGTWTCTAAT
Plate2,D12,CGTGTTAGATGTG,GGACTACHVGGGTWTCTAAT
Plate2,E01,ATTAGAGCCATGC,GGACTACHVGGGTWTCTAAT
Plate2,E02,ATGAACCCTATGG,GGACTACHVGGGTWTCTAAT
Plate2,E03,CAGAGTCTTGCCA,GGACTACHVGGGTWTCTAAT
Plate2,E04,CACAACACTCCGA,GGACTACHVGGGTWTCTAAT
Plate2,E05,ACGATGCTGTTGA,GGACTACHVGGGTWTCTAAT
Plate2,E06,CACGACTGCATAA,GGACTACHVGGGTWTCTAAT
Plate2,E07,GACGCGAACTAAT,GGACTACHVGGGTWTCTAAT
Plate2,E08,CAGCTATGTATGG,GGACTACHVGGGTWTCTAAT
Plate2,E09,TACGGGTCATCAT,GGACTACHVGGGTWTCTAAT
Plate2,E10,AGAAACATCCCAC,GGACTACHVGGGTWTCTAAT
Plate2,E11,TCGTACTCTCGAG,GGACTACHVGGGTWTCTAAT
Plate2,E12,CTCAGTTCTCGTT,GGACTACHVGGGTWTCTAAT
Plate2,F01,ATCGTGCGTGTTG,GGACTACHVGGGTWTCTAAT
Plate2,F02,TGTTATCGCATGG,GGACTACHVGGGTWTCTAAT
Plate2,F03,TGATCACGAGAGG,GGACTACHVGGGTWTCTAAT
Plate2,F04,CGTAAATTCAGGC,GGACTACHVGGGTWTCTAAT
Plate2,F05,TAGTGTTTCGGAC,GGACTACHVGGGTWTCTAAT
Plate2,F06,TACACGCGGTTTA,GGACTACHVGGGTWTCTAAT
Plate2,F07,GTGGCAAATCTAG,GGACTACHVGGGTWTCTAAT
Plate2,F08,GCACCTTACCTTA,GGACTACHVGGGTWTCTAAT
Plate2,F09,CTTAACCTTCCTG,GGACTACHVGGGTWTCTAAT
Plate2,F10,ATGCCGTATGCCA,GGACTACHVGGGTWTCTAAT
Plate2,F11,GCGTGACAATAGT,GGACTACHVGGGTWTCTAAT
Plate2,F12,ACGCTACAACTCG,GGACTACHVGGGTWTCTAAT
Plate2,G01,GTTAAGACAGTCG,GGACTACHVGGGTWTCTAAT
Plate2,G02,ATCTGCACTGAGC,GGACTACHVGGGTWTCTAAT
Plate2,G03,GCGCAGATTAGTA,GGACTACHVGGGTWTCTAAT
Plate2,G04,ATGGGTCCCACAT,GGACTACHVGGGTWTCTAAT
Plate2,G05,TCACTGGTGCATA,GGACTACHVGGGTWTCTAAT
Plate2,G06,GAACGTAGGCTCT,GGACTACHVGGGTWTCTAAT
Plate2,G07,CAGTTGTAGTCCG,GGACTACHVGGGTWTCTAAT
Plate2,G08,GTAATCGGTGCCA,GGACTACHVGGGTWTCTAAT
Plate2,G09,ATTGATCCGGTAG,GGACTACHVGGGTWTCTAAT
Plate2,G10,TCGGGTGTTTGCT,GGACTACHVGGGTWTCTAAT
Plate2,G11,ATTGACCGCGGTT,GGACTACHVGGGTWTCTAAT
Plate2,G12,CGTGCAACCAATC,GGACTACHVGGGTWTCTAAT
Plate2,H01,TGCTTGAGCTTGA,GGACTACHVGGGTWTCTAAT
Plate2,H02,ACGCTGTGGATTA,GGACTACHVGGGTWTCTAAT
Plate2,H03,TCTGTCAGTGACC,GGACTACHVGGGTWTCTAAT
Plate2,H04,CACGATTCGAGTC,GGACTACHVGGGTWTCTAAT
Plate2,H05,AGGTTCGGTCCAT,GGACTACHVGGGTWTCTAAT
Plate2,H06,GCTGATCCATCTT,GGACTACHVGGGTWTCTAAT
Plate2,H07,ATATGTGCCGGCT,GGACTACHVGGGTWTCTAAT
Plate2,H08,ATGGTCGCATCGT,GGACTACHVGGGTWTCTAAT
Plate2,H09,GTGTAAGACTTGG,GGACTACHVGGGTWTCTAAT
Plate2,H10,TCGGATCTAGTGT,GGACTACHVGGGTWTCTAAT
Plate2,H11,ACGATCTTCGAGC,GGACTACHVGGGTWTCTAAT
Plate2,H12,CGTCGAATTTGCG,GGACTACHVGGGTWTCTAAT
Plate3,A01,CGCATCAGAGTTA,GGACTACHVGGGTWTCTAAT
Plate3,A02,TGTGGTCATCGTA,GGACTACHVGGGTWTCTAAT
Plate3,A03,ACTGAAGGGCGAA,GGACTACHVGGGTWTCTAAT
Plate3,A04,TCGCTCACAGAAT,GGACTACHVGGGTWTCTAAT
Plate3,A05,TATTCGGTAGTGC,GGACTACHVGGGTWTCTAAT
Plate3,A06,TCGAGCTGTTACC,GGACTACHVGGGTWTCTAAT
Plate3,A07,ACAACACATGCTG,GGACTACHVGGGTWTCTAAT
Plate3,A08,GATTCTCTCACGT,GGACTACHVGGGTWTCTAAT
Plate3,A09,GCGACTCTAAACG,GGACTACHVGGGTWTCTAAT
Plate3,A10,CGTCTTCAGCAAG,GGACTACHVGGGTWTCTAAT
Plate3,A11,ACGGATAACCTCC,GGACTACHVGGGTWTCTAAT
Plate3,A12,GAGGGTGACTTTA,GGACTACHVGGGTWTCTAAT
Plate3,B01,AGACTTCATGCGA,GGACTACHVGGGTWTCTAAT
Plate3,B02,TGCCTGTCTGCAA,GGACTACHVGGGTWTCTAAT
Plate3,B03,TACTGATGGCCTC,GGACTACHVGGGTWTCTAAT
Plate3,B04,ATTCGATGCCGCA,GGACTACHVGGGTWTCTAAT
Plate3,B05,ATGTGGCTCGTGT,GGACTACHVGGGTWTCTAAT
Plate3,B06,CAACTTTCAGGAG,GGACTACHVGGGTWTCTAAT
Plate3,B07,GTGCACGTGATAA,GGACTACHVGGGTWTCTAAT
Plate3,B08,TGTTCGGTGTCCA,GGACTACHVGGGTWTCTAAT
Plate3,B09,GAAGACAGCTATC,GGACTACHVGGGTWTCTAAT
Plate3,B10,CATTGACCGGTCA,GGACTACHVGGGTWTCTAAT
Plate3,B11,GTTCTCCATCACA,GGACTACHVGGGTWTCTAAT
Plate3,B12,TCGTAGGTAGAGG,GGACTACHVGGGTWTCTAAT
Plate3,C01,GATTTAGGACGAC,GGACTACHVGGGTWTCTAAT
Plate3,C02,AGGATAGCCAAGG,GGACTACHVGGGTWTCTAAT
Plate3,C03,CTGGTTGGTTACG,GGACTACHVGGGTWTCTAAT
Plate3,C04,CGTCGTCCAAATG,GGACTACHVGGGTWTCTAAT
Plate3,C05,ACAACGTGCTCCA,GGACTACHVGGGTWTCTAAT
Plate3,C06,CTACACAAGTCGC,GGACTACHVGGGTWTCTAAT
Plate3,C07,CGCGTCCATGAAT,GGACTACHVGGGTWTCTAAT
Plate3,C08,CGTAATGCGTAAC,GGACTACHVGGGTWTCTAAT
Plate3,C09,TGTCGCCGTACAT,GGACTACHVGGGTWTCTAAT
Plate3,C10,CGGAATCCGATTA,GGACTACHVGGGTWTCTAAT
Plate3,C11,TCACCCGATGGTT,GGACTACHVGGGTWTCTAAT
Plate3,C12,GTTCTGAGAGGTA,GGACTACHVGGGTWTCTAAT
Plate3,D01,CATCCCTACGGAA,GGACTACHVGGGTWTCTAAT
Plate3,D02,CGGTTCCATTAGG,GGACTACHVGGGTWTCTAAT
Plate3,D03,CGTGTTCCCAGAA,GGACTACHVGGGTWTCTAAT
Plate3,D04,GCCGAGGTATAAT,GGACTACHVGGGTWTCTAAT
Plate3,D05,CAGCGTAATTAGC,GGACTACHVGGGTWTCTAAT
Plate3,D06,TCTCGTGAATGAC,GGACTACHVGGGTWTCTAAT
Plate3,D07,GAGGTGAGTTCTA,GGACTACHVGGGTWTCTAAT
Plate3,D08,ACCTGTCCTATCT,GGACTACHVGGGTWTCTAAT
Plate3,D09,CGGTTTAACACGC,GGACTACHVGGGTWTCTAAT
Plate3,D10,GAGACAGTAGGAG,GGACTACHVGGGTWTCTAAT
Plate3,D11,TGCCACGACTTAC,GGACTACHVGGGTWTCTAAT
Plate3,D12,CATTGTTCCTACC,GGACTACHVGGGTWTCTAAT
Plate3,E01,AGCCGTAAACTTG,GGACTACHVGGGTWTCTAAT
Plate3,E02,TGCAGATTTCCAG,GGACTACHVGGGTWTCTAAT
Plate3,E03,GAGATGATCAGTC,GGACTACHVGGGTWTCTAAT
Plate3,E04,CGAGACGTGTTCT,GGACTACHVGGGTWTCTAAT
Plate3,E05,ATATCACCGGCAC,GGACTACHVGGGTWTCTAAT
Plate3,E06,GTATGCCAGAGAT,GGACTACHVGGGTWTCTAAT
Plate3,E07,GAGGTCCAAATCA,GGACTACHVGGGTWTCTAAT
Plate3,E08,TACCGTGCTCACA,GGACTACHVGGGTWTCTAAT
Plate3,E09,GCTCCCTTTGTGT,GGACTACHVGGGTWTCTAAT
Plate3,E10,GAGCTGCACCTAA,GGACTACHVGGGTWTCTAAT
Plate3,E11,TCCTTGACCGATG,GGACTACHVGGGTWTCTAAT
Plate3,E12,GCTATCATCCTCA,GGACTACHVGGGTWTCTAAT
Plate3,F01,TACTCTAGCCGGT,GGACTACHVGGGTWTCTAAT
Plate3,F02,TCGATAGGCCTTA,GGACTACHVGGGTWTCTAAT
Plate3,F03,CAATGACCTCGTG,GGACTACHVGGGTWTCTAAT
Plate3,F04,TCTTAGGCATGTG,GGACTACHVGGGTWTCTAAT
Plate3,F05,GCCAGATATAGCA,GGACTACHVGGGTWTCTAAT
Plate3,F06,TGAGAGTCCACTT,GGACTACHVGGGTWTCTAAT
Plate3,F07,TGAACGGGACGTA,GGACTACHVGGGTWTCTAAT
Plate3,F08,TACGTGTAGGCTT,GGACTACHVGGGTWTCTAAT
Plate3,F09,TGGTCTCCTACAG,GGACTACHVGGGTWTCTAAT
Plate3,F10,CACTGACTTAAGG,GGACTACHVGGGTWTCTAAT
Plate3,F11,AGATGCTGCCGTT,GGACTACHVGGGTWTCTAAT
Plate3,F12,ATTCCTAGGCCAG,GGACTACHVGGGTWTCTAAT
Plate3,G01,GATTAAGCCTGGA,GGACTACHVGGGTWTCTAAT
Plate3,G02,CTGGCTTTCTATC,GGACTACHVGGGTWTCTAAT
Plate3,G03,GACAGCTCAAACA,GGACTACHVGGGTWTCTAAT
Plate3,G04,AGAGCGTATCCAT,GGACTACHVGGGTWTCTAAT
Plate3,G05,TATGGGCGAATGG,GGACTACHVGGGTWTCTAAT
Plate3,G06,AGATCTCTGGGTA,GGACTACHVGGGTWTCTAAT
Plate3,G07,GTACGGATTATGG,GGACTACHVGGGTWTCTAAT
Plate3,G08,GATAGCGAACTCA,GGACTACHVGGGTWTCTAAT
Plate3,G09,CTAACGCTGTGTG,GGACTACHVGGGTWTCTAAT
Plate3,G10,GAACCAAACTCGA,GGACTACHVGGGTWTCTAAT
Plate3,G11,AGCCGTCTCGTAA,GGACTACHVGGGTWTCTAAT
Plate3,G12,TCTGGGTATCTCG,GGACTACHVGGGTWTCTAAT
Plate3,H01,AGACTACCCGTTG,GGACTACHVGGGTWTCTAAT
Plate3,H02,CGCGTTGCAAACT,GGACTACHVGGGTWTCTAAT
Plate3,H03,GAACCGCATAAGT,GGACTACHVGGGTWTCTAAT
Plate3,H04,CACCTTACACCTT,GGACTACHVGGGTWTCTAAT
Plate3,H05,CGTAGGTGCTTAC,GGACTACHVGGGTWTCTAAT
Plate3,H06,TCGCATTTGGATG,GGACTACHVGGGTWTCTAAT
Plate3,H07,GATAACATGTGCG,GGACTACHVGGGTWTCTAAT
Plate3,H08,GCTTGAGAAATCG,GGACTACHVGGGTWTCTAAT
Plate3,H09,TCTACACAGCACA,GGACTACHVGGGTWTCTAAT
Plate3,H10,CGAAATGCTACGT,GGACTACHVGGGTWTCTAAT
Plate3,H11,ATCTGAGGTTGCC,GGACTACHVGGGTWTCTAAT
Plate3,H12,CGATCATTCTCTC,GGACTACHVGGGTWTCTAAT
Plate4,A01,CAGACATACCGTA,GGACTACHVGGGTWTCTAAT
Plate4,A02,TGATCCTCATGCG,GGACTACHVGGGTWTCTAAT
Plate4,A03,CATTATCGTCCCT,GGACTACHVGGGTWTCTAAT
Plate4,A04,TCCAGACCGCTAT,GGACTACHVGGGTWTCTAAT
Plate4,A05,GAGCTCTAGAAAC,GGACTACHVGGGTWTCTAAT
Plate4,A06,ATCCATCGACGTG,GGACTACHVGGGTWTCTAAT
Plate4,A07,GCGATGTGTGGTT,GGACTACHVGGGTWTCTAAT
Plate4,A08,TGCGAAGTTGGGA,GGACTACHVGGGTWTCTAAT
Plate4,A09,TGCATTCGGCGTT,GGACTACHVGGGTWTCTAAT
Plate4,A10,ACGCCATTGTGCA,GGACTACHVGGGTWTCTAAT
Plate4,A11,GTCCAACTGCAGA,GGACTACHVGGGTWTCTAAT
Plate4,A12,CTAAAGACCCGTA,GGACTACHVGGGTWTCTAAT
Plate4,B01,CTGTATCTTCACC,GGACTACHVGGGTWTCTAAT
Plate4,B02,AGACTGACTCGTC,GGACTACHVGGGTWTCTAAT
Plate4,B03,ATCGTGGATAGCT,GGACTACHVGGGTWTCTAAT
Plate4,B04,AGACGCACTAACT,GGACTACHVGGGTWTCTAAT
Plate4,B05,CGGCGATTTACGT,GGACTACHVGGGTWTCTAAT
Plate4,B06,ATAAGGCATCGCT,GGACTACHVGGGTWTCTAAT
Plate4,B07,TACCCATACAGCC,GGACTACHVGGGTWTCTAAT
Plate4,B08,ACGCACTACGCAT,GGACTACHVGGGTWTCTAAT
Plate4,B09,GCAGTCGTTAAGA,GGACTACHVGGGTWTCTAAT
Plate4,B10,GCTACGAAAGCCT,GGACTACHVGGGTWTCTAAT
Plate4,B11,CATAATTGCCGAG,GGACTACHVGGGTWTCTAAT
Plate4,B12,TGGCATGTTATCG,GGACTACHVGGGTWTCTAAT
Plate4,C01,TAGGCACAGTAGG,GGACTACHVGGGTWTCTAAT
Plate4,C02,GCTACTTACATCC,GGACTACHVGGGTWTCTAAT
Plate4,C03,GCTCTTCTGATCA,GGACTACHVGGGTWTCTAAT
Plate4,C04,CATGCTAACCACG,GGACTACHVGGGTWTCTAAT
Plate4,C05,TACCAATCTCGGC,GGACTACHVGGGTWTCTAAT
Plate4,C06,ATATCCAAGCGCA,GGACTACHVGGGTWTCTAAT
Plate4,C07,CGTACTGAAGATC,GGACTACHVGGGTWTCTAAT
Plate4,C08,ATCGCCGTGTACA,GGACTACHVGGGTWTCTAAT
Plate4,C09,CAACTGCGATATG,GGACTACHVGGGTWTCTAAT
Plate4,C10,GCTTCCAACTCAT,GGACTACHVGGGTWTCTAAT
Plate4,C11,AGAGATCGCCTAT,GGACTACHVGGGTWTCTAAT
Plate4,C12,ATGTACATCGCCG,GGACTACHVGGGTWTCTAAT
Plate4,D01,GTGTTAAGCAGCA,GGACTACHVGGGTWTCTAAT
Plate4,D02,TACGGCGTTATGT,GGACTACHVGGGTWTCTAAT
Plate4,D03,GACTTTGCTTTGC,GGACTACHVGGGTWTCTAAT
Plate4,D04,GCAAAGCGGTATT,GGACTACHVGGGTWTCTAAT
Plate4,D05,GCGAAACTACGTA,GGACTACHVGGGTWTCTAAT
Plate4,D06,AGAGGACCAGCAA,GGACTACHVGGGTWTCTAAT
Plate4,D07,GAATAGCATGTCG,GGACTACHVGGGTWTCTAAT
Plate4,D08,ACGGAGTAATCCT,GGACTACHVGGGTWTCTAAT
Plate4,D09,TCTGTGTCCATGG,GGACTACHVGGGTWTCTAAT
Plate4,D10,ACTTCGCGGATGT,GGACTACHVGGGTWTCTAAT
Plate4,D11,CATAGGCTGTAGT,GGACTACHVGGGTWTCTAAT
Plate4,D12,ATGTGTAGCCATG,GGACTACHVGGGTWTCTAAT
Plate4,E01,TAAGGGCGCTGAA,GGACTACHVGGGTWTCTAAT
Plate4,E02,TGTTTCCGTGGTG,GGACTACHVGGGTWTCTAAT
Plate4,E03,TAGGAACCAGACG,GGACTACHVGGGTWTCTAAT
Plate4,E04,CTAATGCCCAGGT,GGACTACHVGGGTWTCTAAT
Plate4,E05,ATATGAACGTCCG,GGACTACHVGGGTWTCTAAT
Plate4,E06,TCCACATTGGGTC,GGACTACHVGGGTWTCTAAT
Plate4,E07,GTCAGTCAGATGA,GGACTACHVGGGTWTCTAAT
Plate4,E08,CAAGTCACACACA,GGACTACHVGGGTWTCTAAT
Plate4,E09,CGCTGTGATTCGA,GGACTACHVGGGTWTCTAAT
Plate4,E10,ACTAGCTATGGAC,GGACTACHVGGGTWTCTAAT
Plate4,E11,GCTTGACGAGGTT,GGACTACHVGGGTWTCTAAT
Plate4,E12,GACCTGGGAATAT,GGACTACHVGGGTWTCTAAT
Plate4,F01,GCTCTGCCTAATT,GGACTACHVGGGTWTCTAAT
Plate4,F02,CATATGACCCAGC,GGACTACHVGGGTWTCTAAT
Plate4,F03,GCTCTATTCCACC,GGACTACHVGGGTWTCTAAT
Plate4,F04,GATTGAGTGAGTC,GGACTACHVGGGTWTCTAAT
Plate4,F05,CTTATGGTACGGA,GGACTACHVGGGTWTCTAAT
Plate4,F06,CGCTAGTTATGGA,GGACTACHVGGGTWTCTAAT
Plate4,F07,GCAGATTAACCAG,GGACTACHVGGGTWTCTAAT
Plate4,F08,TGGCTGCATACTC,GGACTACHVGGGTWTCTAAT
Plate4,F09,CTTGGTAAAGTGC,GGACTACHVGGGTWTCTAAT
Plate4,F10,GAAGTGGCTATCC,GGACTACHVGGGTWTCTAAT
Plate4,F11,CAACCGATGTACC,GGACTACHVGGGTWTCTAAT
Plate4,F12,ATCGATTGGCCGT,GGACTACHVGGGTWTCTAAT
Plate4,G01,TGCATTACTGGAC,GGACTACHVGGGTWTCTAAT
Plate4,G02,ATTGGGCCACATA,GGACTACHVGGGTWTCTAAT
Plate4,G03,GCACACAAAGTCA,GGACTACHVGGGTWTCTAAT
Plate4,G04,AGCCAAGGATAGG,GGACTACHVGGGTWTCTAAT
Plate4,G05,ACGCCACGTGTAT,GGACTACHVGGGTWTCTAAT
Plate4,G06,CGCAACCGATTGT,GGACTACHVGGGTWTCTAAT
Plate4,G07,ACATGTGCTTAGG,GGACTACHVGGGTWTCTAAT
Plate4,G08,CGTTCCTCCATTA,GGACTACHVGGGTWTCTAAT
Plate4,G09,TACCTGTCCTTTC,GGACTACHVGGGTWTCTAAT
Plate4,G10,AGTTCACGCCCAA,GGACTACHVGGGTWTCTAAT
Plate4,G11,GCGATCGAACACT,GGACTACHVGGGTWTCTAAT
Plate4,G12,ACATGCCAACATG,GGACTACHVGGGTWTCTAAT
Plate4,H01,CGAGTACAGTCTA,GGACTACHVGGGTWTCTAAT
Plate4,H02,GCCTACATGAGAC,GGACTACHVGGGTWTCTAAT
Plate4,H03,ATCCGTGGTATAG,GGACTACHVGGGTWTCTAAT
Plate4,H04,ATCTACGGCACGT,GGACTACHVGGGTWTCTAAT
Plate4,H05,CATGCTGCAACAC,GGACTACHVGGGTWTCTAAT
Plate4,H06,ATTCTCATGGAGG,GGACTACHVGGGTWTCTAAT
Plate4,H07,GCATAGTGATTGG,GGACTACHVGGGTWTCTAAT
Plate4,H08,CGCTATCAAGACA,GGACTACHVGGGTWTCTAAT
Plate4,H09,ACCGTGACAACTC,GGACTACHVGGGTWTCTAAT
Plate4,H10,GCGTTCCTTGTTA,GGACTACHVGGGTWTCTAAT
Plate4,H11,CGGAATTATCGGT,GGACTACHVGGGTWTCTAAT
Plate4,H12,GCATCAAGCATAG,GGACTACHVGGGTWTCTAAT
Plate5,A01,ACATCGCGTTGAC,GGACTACHVGGGTWTCTAAT
Plate5,A02,TGCACATAGTCGT,GGACTACHVGGGTWTCTAAT
Plate5,A03,CGGCAAATACACT,GGACTACHVGGGTWTCTAAT
Plate5,A04,AGTCATGCTCCAG,GGACTACHVGGGTWTCTAAT
Plate5,A05,TCCTAGTAAGCTG,GGACTACHVGGGTWTCTAAT
Plate5,A06,ATTACCGACGAGT,GGACTACHVGGGTWTCTAAT
Plate5,A07,CGCTTAGATGTAG,GGACTACHVGGGTWTCTAAT
Plate5,A08,TAAGACGTAGCGG,GGACTACHVGGGTWTCTAAT
Plate5,A09,GTTACCTTACACC,GGACTACHVGGGTWTCTAAT
Plate5,A10,GTGACTAATGGCC,GGACTACHVGGGTWTCTAAT
Plate5,A11,ACTCTCTCACTTG,GGACTACHVGGGTWTCTAAT
Plate5,A12,CATTGCAAGCAAC,GGACTACHVGGGTWTCTAAT
Plate5,B01,ACACGTGACATGT,GGACTACHVGGGTWTCTAAT
Plate5,B02,GCACAGTTGAAGT,GGACTACHVGGGTWTCTAAT
Plate5,B03,GCTAGGATCACTG,GGACTACHVGGGTWTCTAAT
Plate5,B04,CGATGACCCAAAT,GGACTACHVGGGTWTCTAAT
Plate5,B05,TACCGGAGTAGGA,GGACTACHVGGGTWTCTAAT
Plate5,B06,ATGAGGACTACCT,GGACTACHVGGGTWTCTAAT
Plate5,B07,ACAATCGGCTTGC,GGACTACHVGGGTWTCTAAT
Plate5,B08,TAACACTCGATCG,GGACTACHVGGGTWTCTAAT
Plate5,B09,ATGACCGGCTGTT,GGACTACHVGGGTWTCTAAT
Plate5,B10,CGGAGGAGCAATA,GGACTACHVGGGTWTCTAAT
Plate5,B11,TAGCGACGAAGAC,GGACTACHVGGGTWTCTAAT
Plate5,B12,GCTTCCCTAACTC,GGACTACHVGGGTWTCTAAT
Plate5,C01,ATGGAAGAACGGC,GGACTACHVGGGTWTCTAAT
Plate5,C02,AGCTAGACACTAC,GGACTACHVGGGTWTCTAAT
Plate5,C03,CTTGGATTGAACG,GGACTACHVGGGTWTCTAAT
Plate5,C04,CGATATACCAGTG,GGACTACHVGGGTWTCTAAT
Plate5,C05,GAACAAACTGCCA,GGACTACHVGGGTWTCTAAT
Plate5,C06,GTACAGTTACGCG,GGACTACHVGGGTWTCTAAT
Plate5,C07,GCAAGCCCTAGTA,GGACTACHVGGGTWTCTAAT
Plate5,C08,CTAGTGTCGGATC,GGACTACHVGGGTWTCTAAT
Plate5,C09,TCTGAGCTCTGCA,GGACTACHVGGGTWTCTAAT
Plate5,C10,TCTTCGACTTTCC,GGACTACHVGGGTWTCTAAT
Plate5,C11,CGTCATAAGAACC,GGACTACHVGGGTWTCTAAT
Plate5,C12,CGTCCGCAAGTTA,GGACTACHVGGGTWTCTAAT
Plate5,D01,ACGTAGAGCTCTC,GGACTACHVGGGTWTCTAAT
Plate5,D02,ACCTCTGAGAGCT,GGACTACHVGGGTWTCTAAT
Plate5,D03,TCCTCGATGCAGT,GGACTACHVGGGTWTCTAAT
Plate5,D04,CGCGGACTATTCA,GGACTACHVGGGTWTCTAAT
Plate5,D05,GCGTGCACAATTG,GGACTACHVGGGTWTCTAAT
Plate5,D06,TCGGCCTAAGTTC,GGACTACHVGGGTWTCTAAT
Plate5,D07,TAGCGCTCACATC,GGACTACHVGGGTWTCTAAT
Plate5,D08,ATGGTTATGGCAC,GGACTACHVGGGTWTCTAAT
Plate5,D09,GCGAGGTTCTGAT,GGACTACHVGGGTWTCTAAT
Plate5,D10,CAACTCCTGTGGA,GGACTACHVGGGTWTCTAAT
Plate5,D11,CTAATGGTCGTAG,GGACTACHVGGGTWTCTAAT
Plate5,D12,ATTGCACCGTCGA,GGACTACHVGGGTWTCTAAT
Plate5,E01,ATGCTACAGACGT,GGACTACHVGGGTWTCTAAT
Plate5,E02,TATGGCCTGACTA,GGACTACHVGGGTWTCTAAT
Plate5,E03,GACGCACATACAA,GGACTACHVGGGTWTCTAAT
Plate5,E04,ATGAGTGGTCTGT,GGACTACHVGGGTWTCTAAT
Plate5,E05,CGATAGCACTCGT,GGACTACHVGGGTWTCTAAT
Plate5,E06,CTAGCGCGAACTT,GGACTACHVGGGTWTCTAAT
Plate5,E07,ACATACACGCACC,GGACTACHVGGGTWTCTAAT
Plate5,E08,TACCTCAGTCAAG,GGACTACHVGGGTWTCTAAT
Plate5,E09,ATCGACCAAACAC,GGACTACHVGGGTWTCTAAT
Plate5,E10,TCCACCCAGTAAC,GGACTACHVGGGTWTCTAAT
Plate5,E11,GATATCGCGATGA,GGACTACHVGGGTWTCTAAT
Plate5,E12,TCGCCGGTAATCT,GGACTACHVGGGTWTCTAAT
Plate5,F01,TCCGATGCCTTGA,GGACTACHVGGGTWTCTAAT
Plate5,F02,TAGCAGGCACGAA,GGACTACHVGGGTWTCTAAT
Plate5,F03,GTACGCAGCACTA,GGACTACHVGGGTWTCTAAT
Plate5,F04,TCGCTTAGTGCTG,GGACTACHVGGGTWTCTAAT
Plate5,F05,GCAAAGTTTGCGA,GGACTACHVGGGTWTCTAAT
Plate5,F06,ATCGAGCCGATCT,GGACTACHVGGGTWTCTAAT
Plate5,F07,GCTCATCATGTTC,GGACTACHVGGGTWTCTAAT
Plate5,F08,ACCAGGGACTTCT,GGACTACHVGGGTWTCTAAT
Plate5,F09,AGCAATCCTTGCG,GGACTACHVGGGTWTCTAAT
Plate5,F10,ACCTGCTTCCTTC,GGACTACHVGGGTWTCTAAT
Plate5,F11,TCAAGGCACAAGG,GGACTACHVGGGTWTCTAAT
Plate5,F12,CGGCCTATAAGTC,GGACTACHVGGGTWTCTAAT
Plate5,G01,GTCCATTTCATGC,GGACTACHVGGGTWTCTAAT
Plate5,G02,ATCGGCGATCATC,GGACTACHVGGGTWTCTAAT
Plate5,G03,TGTTTCACGCGAA,GGACTACHVGGGTWTCTAAT
Plate5,G04,CACAAGAACCTTG,GGACTACHVGGGTWTCTAAT
Plate5,G05,CTACTCTCTTAGC,GGACTACHVGGGTWTCTAAT
Plate5,G06,TAACTGTTCGCGC,GGACTACHVGGGTWTCTAAT
Plate5,G07,GCGAAGCATCTAC,GGACTACHVGGGTWTCTAAT
Plate5,G08,AGTTTGGCCACAC,GGACTACHVGGGTWTCTAAT
Plate5,G09,ATCAGGTTGCCCA,GGACTACHVGGGTWTCTAAT
Plate5,G10,CTCATTCCACTCA,GGACTACHVGGGTWTCTAAT
Plate5,G11,TGTCACATCACGA,GGACTACHVGGGTWTCTAAT
Plate5,G12,GCGACATTTCTCT,GGACTACHVGGGTWTCTAAT
Plate5,H01,CGGACGTTAACTA,GGACTACHVGGGTWTCTAAT
Plate5,H02,ATAGCAGTTGCGT,GGACTACHVGGGTWTCTAAT
Plate5,H03,ACACGCTATTGGA,GGACTACHVGGGTWTCTAAT
Plate5,H04,CAACTTCACTTCC,GGACTACHVGGGTWTCTAAT
Plate5,H05,GCCAGTGGATATA,GGACTACHVGGGTWTCTAAT
Plate5,H06,GTGTGTGTAACGC,GGACTACHVGGGTWTCTAAT
Plate5,H07,TCCAATCGTGCAA,GGACTACHVGGGTWTCTAAT
Plate5,H08,TAGGCTAGCAGAG,GGACTACHVGGGTWTCTAAT
Plate5,H09,TGTCACTCCGAAC,GGACTACHVGGGTWTCTAAT
Plate5,H10,GCACCGAAATCTG,GGACTACHVGGGTWTCTAAT
Plate5,H11,CTGACGTAGAACT,GGACTACHVGGGTWTCTAAT
Plate5,H12,ACTATGCCGGCTA,GGACTACHVGGGTWTCTAAT